{
	"class_name" : "PinholeCameraParameters",
	"extrinsic" : 
	[
		-0.97670007990247387,
		0.05135709181951767,
		0.20837323013847758,
		0.0,
		0.18293788548094464,
		-0.30842111930162208,
		0.93349351536285219,
		0.0,
		0.11220821705321805,
		0.94986254915570623,
		0.29183977408359135,
		0.0,
		-0.062583757500653994,
		-0.30952252956986254,
		0.019874959370217021,
		1.0
	],
	"intrinsic" : 
	{
		"height" : 1016,
		"intrinsic_matrix" : 
		[
			879.88181024498977,
			0.0,
			0.0,
			0.0,
			879.88181024498977,
			0.0,
			959.5,
			507.5,
			1.0
		],
		"width" : 1920
	},
	"version_major" : 1,
	"version_minor" : 0
}