{
	"class_name" : "PinholeCameraParameters",
	"extrinsic" : 
	[
		-0.9659084124290136,
		0.19051532448287986,
		0.17528505337320058,
		0.0,
		-0.17244082317809378,
		-0.97848564593945353,
		0.11326960400792502,
		0.0,
		0.19309350403502484,
		0.079181764489267073,
		0.97798013623582469,
		0.0,
		-0.0151894520275127,
		0.026399007883253604,
		0.25902425299196929,
		1.0
	],
	"intrinsic" : 
	{
		"height" : 1016,
		"intrinsic_matrix" : 
		[
			879.88181024498977,
			0.0,
			0.0,
			0.0,
			879.88181024498977,
			0.0,
			959.5,
			507.5,
			1.0
		],
		"width" : 1920
	},
	"version_major" : 1,
	"version_minor" : 0
}