{
	"class_name" : "PinholeCameraParameters",
	"extrinsic" : 
	[
		-0.92454258296920677,
		0.34996226675295117,
		0.150822492108318,
		0.0,
		-0.22804288291023725,
		-0.82517562317680071,
		0.51679941415288644,
		0.0,
		0.30531533834810071,
		0.44340906932979512,
		0.84271640627524869,
		0.0,
		-0.14457466451609391,
		-0.10666305184397312,
		-0.11589345799959258,
		1.0
	],
	"intrinsic" : 
	{
		"height" : 1016,
		"intrinsic_matrix" : 
		[
			879.88181024498977,
			0.0,
			0.0,
			0.0,
			879.88181024498977,
			0.0,
			959.5,
			507.5,
			1.0
		],
		"width" : 1920
	},
	"version_major" : 1,
	"version_minor" : 0
}