{
	"class_name" : "PinholeCameraParameters",
	"extrinsic" : 
	[
		6.925925281327326e-310,
		4.9406564584124654e-324,
		6.9259252813312786e-310,
		0.0,
		0.0,
		0.0,
		0.0,
		0.0,
		0.0,
		0.0,
		0.0,
		6.925835024822512e-310,
		0.0,
		6.9260327787962745e-310,
		0.0,
		3.9525251667299724e-323
	],
	"intrinsic" : 
	{
		"height" : -1,
		"intrinsic_matrix" : [ 0.0, 0.0, 0.0, 0.0, 0.0, 0.0, 0.0, 0.0, 0.0 ],
		"width" : -1
	},
	"version_major" : 1,
	"version_minor" : 0
}