{
	"class_name" : "PinholeCameraParameters",
	"extrinsic" : 
	[
		-0.92283296900061451,
		0.25160289705558947,
		0.29167669347883352,
		0.0,
		-0.082358978901933763,
		-0.86857510430645168,
		0.48866582320975488,
		0.0,
		0.3762928512737676,
		0.42693473783737845,
		0.8222714999974079,
		0.0,
		-0.051394998050527788,
		-0.039452864762606607,
		0.26853030373076292,
		1.0
	],
	"intrinsic" : 
	{
		"height" : 1016,
		"intrinsic_matrix" : 
		[
			879.88181024498977,
			0.0,
			0.0,
			0.0,
			879.88181024498977,
			0.0,
			959.5,
			507.5,
			1.0
		],
		"width" : 1920
	},
	"version_major" : 1,
	"version_minor" : 0
}