{
	"class_name" : "PinholeCameraParameters",
	"extrinsic" : 
	[
		-0.75890646386647664,
		0.18314135055110797,
		0.62491617423458989,
		0.0,
		0.15724503447334184,
		-0.87970359484139227,
		0.44877119376872815,
		0.0,
		0.63192956746393636,
		0.43884032510862991,
		0.63881467643080536,
		0.0,
		-0.10801225589524474,
		-0.040267449542753915,
		0.2983645995773837,
		1.0
	],
	"intrinsic" : 
	{
		"height" : 1016,
		"intrinsic_matrix" : 
		[
			879.88181024498977,
			0.0,
			0.0,
			0.0,
			879.88181024498977,
			0.0,
			959.5,
			507.5,
			1.0
		],
		"width" : 1920
	},
	"version_major" : 1,
	"version_minor" : 0
}